{
  "scale_pos_weight_visit": 20.25656676080289,
  "scale_pos_weight_conv": 338.72336811453533
}